﻿<?xml version="1.0" encoding="utf-8" ?>
<Plants>
  <vegetable>
    <name>asparagus</name>
    <type>perenial</type>
    <zone></zone>
    <pic></pic>
    <ph></ph>
    <description></description>
    <seedTime></seedTime>
  </vegetable>
  <vegetable>
    <name>okra</name>
    <type>annual</type>
    <zone></zone>
    <pic></pic>
    <ph></ph>
    <description></description>
    <seedTime></seedTime>
  </vegetable>
  <vegetable>
    <name>tomato</name>
    <type>annual</type>
    <zone></zone>
    <pic></pic>
    <ph></ph>
    <description></description>
    <seedTime></seedTime>
  </vegetable>
  <vegetable>
    <name>red scarlet runner bean</name>
    <type>perenial</type>
    <zone></zone>
    <pic></pic>
    <ph></ph>
    <description></description>
    <seedTime></seedTime>
  </vegetable>
  <vegetable>
    <name>green pole bean</name>
    <type>annual</type>
    <zone></zone>
    <pic></pic>
    <ph></ph>
    <description></description>
    <seedTime></seedTime>
  </vegetable>
  <vegetable>
    <name>bitter melon</name>
    <type>annual</type>
    <zone></zone>
    <pic></pic>
    <ph></ph>
    <description></description>
    <seedTime></seedTime>
  </vegetable>
  <vegetable>
    <name>luffa</name>
    <type>annual</type>
    <zone></zone>
    <pic></pic>
    <ph></ph>
    <description></description>
    <seedTime></seedTime>
  </vegetable>
  <vegetable>
    <name>bac ha</name>
    <type>perenial</type>
    <zone></zone>
    <pic></pic>
    <ph></ph>
    <description></description>
    <seedTime></seedTime>
  </vegetable>
  <vegetable>
    <name>brocolli</name>
    <type>annual</type>
    <zone></zone>
    <pic></pic>
    <ph></ph>
    <description></description>
    <seedTime></seedTime>
  </vegetable>
  <vegetable>
    <name>yam</name>
    <type>annual</type>
    <zone></zone>
    <pic></pic>
    <ph></ph>
    <description></description>
    <seedTime></seedTime>
  </vegetable>
  <vegetable>
    <name>brussels sprout</name>
    <type>anual</type>
    <zone></zone>
    <pic></pic>
    <ph></ph>
    <description></description>
    <seedTime></seedTime>
  </vegetable>
</Plants>